collection	true positives	false positives	true negatives	false negatives	sensitivity	specificity	precision	false discovery rate
dream set_4	316.0	1174.0	nan	118.0	0.728110599078341	nan	0.21208053691275167	0.7879194630872484
dream	316.0	1174.0	nan	118.0	0.728110599078341	nan	0.21208053691275167	0.7879194630872484
